source_document,page_start,page_end,subcommittee,agency,policy_title,fund,account,governor_fy26,governor_fy27,legislative_fy26,legislative_fy27,difference_fy26,difference_fy27,background_text,governor_text,legislative_text
2025BB-20250827_FY26_FY27.pdf,50,50,General Government,,FY 23 FY 24 FY 25 FY 26 FY 27 FY 26 FY 27,,"Total - Insurance Fund (2,022,752)",1623275.0,2997738.0,2925370.0,2933850.0,2734097.0,3125123.0,,,
2025BB-20250827_FY26_FY27.pdf,50,50,General Government,,FY 23 FY 24 FY 25 FY 26 FY 27 FY 26 FY 27,Consumer Counsel and Public Utility Control Fund,"Miscellaneous (1,778,181)",85803.0,193293.0,138975.0,145137.0,,284112.0,,,
2025BB-20250827_FY26_FY27.pdf,50,50,General Government,,FY 23 FY 24 FY 25 FY 26 FY 27 FY 26 FY 27,Consumer Counsel and Public Utility Control Fund,"Management 283,349",269036.0,392665.0,398470.0,398470.0,398470.0,398470.0,,,
2025BB-20250827_FY26_FY27.pdf,50,50,General Government,,FY 23 FY 24 FY 25 FY 26 FY 27 FY 26 FY 27,Consumer Counsel and Public Utility Control Fund,"Administrative Services 185,552",177170.0,198707.0,184308.0,184308.0,184308.0,184308.0,,,
2025BB-20250827_FY26_FY27.pdf,50,50,General Government,,FY 23 FY 24 FY 25 FY 26 FY 27 FY 26 FY 27,Consumer Counsel and Public Utility Control Fund,"Fund (1,309,280)",532009.0,784665.0,721753.0,727915.0,582778.0,866890.0,,,
2025BB-20250827_FY26_FY27.pdf,50,50,General Government,,FY 23 FY 24 FY 25 FY 26 FY 27 FY 26 FY 27,Workers' Compensation Fund,"Miscellaneous (986,237)",15967.0,107617.0,72954.0,76188.0,,149142.0,,,
2025BB-20250827_FY26_FY27.pdf,50,50,General Government,,FY 23 FY 24 FY 25 FY 26 FY 27 FY 26 FY 27,Workers' Compensation Fund,"Administrative Services 1,489,665",1333199.0,1499233.0,1392226.0,1392226.0,1392226.0,1392226.0,,,
2025BB-20250827_FY26_FY27.pdf,50,50,General Government,,FY 23 FY 24 FY 25 FY 26 FY 27 FY 26 FY 27,Workers' Compensation Fund,"Compensation Fund 503,428",1349166.0,1606850.0,1465180.0,1468414.0,1392226.0,1541368.0,,,
2025BB-20250827_FY26_FY27.pdf,50,50,General Government,,FY 23 FY 24 FY 25 FY 26 FY 27 FY 26 FY 27,Criminal Injuries Compensation Fund,"Miscellaneous 15,685",149166.0,,,,,,,,
2025BB-20250827_FY26_FY27.pdf,50,50,General Government,,FY 23 FY 24 FY 25 FY 26 FY 27 FY 26 FY 27,Tourism Fund,"Miscellaneous (10,000)",,,,,,,,,
2025BB-20250827_FY26_FY27.pdf,50,50,General Government,,FY 23 FY 24 FY 25 FY 26 FY 27 FY 26 FY 27,Cannabis Social Equity and Innovation Fund,"Miscellaneous 26,334",56416.0,,,,,,,,
2025BB-20250827_FY26_FY27.pdf,50,50,General Government,,FY 23 FY 24 FY 25 FY 26 FY 27 FY 26 FY 27,Cannabis Prevention and Recovery Services Fund,Miscellaneous -,18650.0,,,,,,,,
2025BB-20250827_FY26_FY27.pdf,50,50,General Government,,FY 23 FY 24 FY 25 FY 26 FY 27 FY 26 FY 27,Cannabis Regulatory Fund,Miscellaneous -,245666.0,,,,,,,,
2025BB-20250827_FY26_FY27.pdf,50,50,General Government,,FY 23 FY 24 FY 25 FY 26 FY 27 FY 26 FY 27,Cannabis Regulatory Fund,Services -,36892.0,484188.0,,,484188.0,484188.0,,,
2025BB-20250827_FY26_FY27.pdf,50,50,General Government,,FY 23 FY 24 FY 25 FY 26 FY 27 FY 26 FY 27,Cannabis Regulatory Fund,Attorney General -,345137.0,396362.0,,,407309.0,407309.0,,,
2025BB-20250827_FY26_FY27.pdf,50,50,General Government,,FY 23 FY 24 FY 25 FY 26 FY 27 FY 26 FY 27,Cannabis Regulatory Fund,Regulatory Fund -,627695.0,880550.0,,,891497.0,891497.0,,,
2025BB-20250827_FY26_FY27.pdf,50,50,General Government,,FY 23 FY 24 FY 25 FY 26 FY 27 FY 26 FY 27,Municipal Revenue Sharing Fund,Management -,573537355.0,568645047.0,554309674.0,554309674.0,559409674.0,559409674.0,,,
2025BB-20250827_FY26_FY27.pdf,50,50,General Government,,FY 23 FY 24 FY 25 FY 26 FY 27 FY 26 FY 27,Municipal Revenue Sharing Fund,"Total - Appropriated Funds 7,973,285,093",8527403066.0,8515169575.0,8633178080.0,9166816663.0,8349285459.0,9153841403.0,,,
2025BB-20250827_FY26_FY27.pdf,54,55,General Government,Debt Service - State Treasurer,FY 23 FY 24 FY 25 FY 26 FY 27 FY 26 FY 27,,"Debt Service 1,979,815,182",2185333369.0,1985729226.0,1982214696.0,2041951996.0,1982214696.0,2041951996.0,,,
2025BB-20250827_FY26_FY27.pdf,54,55,General Government,Debt Service - State Treasurer,FY 23 FY 24 FY 25 FY 26 FY 27 FY 26 FY 27,,"UConn 2000 - Debt Service 216,188,806",205492442.0,226542388.0,209033862.0,213698862.0,209033862.0,213698862.0,,,
2025BB-20250827_FY26_FY27.pdf,54,55,General Government,Debt Service - State Treasurer,FY 23 FY 24 FY 25 FY 26 FY 27 FY 26 FY 27,,"CHEFA Day Care Security 3,667,508",3643210.0,4000000.0,4000000.0,4000000.0,4000000.0,4000000.0,,,
2025BB-20250827_FY26_FY27.pdf,54,55,General Government,Debt Service - State Treasurer,FY 23 FY 24 FY 25 FY 26 FY 27 FY 26 FY 27,,"Pension Obligation Bonds - TRB 306,680,521",315671921.0,330190921.0,268251771.0,284364458.0,268251771.0,284364458.0,,,
2025BB-20250827_FY26_FY27.pdf,54,55,General Government,Debt Service - State Treasurer,FY 23 FY 24 FY 25 FY 26 FY 27 FY 26 FY 27,,"Municipal Restructuring 54,098,049",49833072.0,47910459.0,46126129.0,47778925.0,46126129.0,47778925.0,,,
2025BB-20250827_FY26_FY27.pdf,54,55,General Government,Debt Service - State Treasurer,FY 23 FY 24 FY 25 FY 26 FY 27 FY 26 FY 27,,"Agency Total - General Fund 2,560,450,066",2759974014.0,2594372994.0,2509626458.0,2591794241.0,2509626458.0,2591794241.0,,,
2025BB-20250827_FY26_FY27.pdf,54,55,General Government,Debt Service - State Treasurer,FY 23 FY 24 FY 25 FY 26 FY 27 FY 26 FY 27,,"Debt Service 810,726,881",862969139.0,951115534.0,914650787.0,1025610574.0,914650787.0,1025610574.0,,,
2025BB-20250827_FY26_FY27.pdf,54,55,General Government,Debt Service - State Treasurer,FY 23 FY 24 FY 25 FY 26 FY 27 FY 26 FY 27,,"Transportation Fund 810,726,881",862969139.0,951115534.0,914650787.0,1025610574.0,914650787.0,1025610574.0,,,
2025BB-20250827_FY26_FY27.pdf,54,55,General Government,Debt Service - State Treasurer,FY 23 FY 24 FY 25 FY 26 FY 27 FY 26 FY 27,,"Total - Appropriated Funds 3,371,176,947",3622943153.0,3545488528.0,3424277245.0,3617404815.0,3424277245.0,3617404815.0,,,
2025BB-20250827_FY26_FY27.pdf,54,55,General Government,Debt Service - State Treasurer,FY 26 FY 27 FY 26 FY 27 FY 26 FY 27,,Debt Service,-20000000.0,-60000000.0,-20000000.0,-60000000.0,,,,,
2025BB-20250827_FY26_FY27.pdf,54,55,General Government,Debt Service - State Treasurer,FY 26 FY 27 FY 26 FY 27 FY 26 FY 27,,Total - General Fund,-20000000.0,-60000000.0,-20000000.0,-60000000.0,,,,,
2025BB-20250827_FY26_FY27.pdf,54,55,General Government,Debt Service - State Treasurer,FY 26 FY 27 FY 26 FY 27 FY 26 FY 27,,Debt Service,16485470.0,116222770.0,16485470.0,116222770.0,,,,,
2025BB-20250827_FY26_FY27.pdf,54,55,General Government,Debt Service - State Treasurer,FY 26 FY 27 FY 26 FY 27 FY 26 FY 27,,UConn 2000 - Debt Service,-17508526.0,-12843526.0,-17508526.0,-12843526.0,,,,,
2025BB-20250827_FY26_FY27.pdf,54,55,General Government,Debt Service - State Treasurer,FY 26 FY 27 FY 26 FY 27 FY 26 FY 27,,Pension Obligation Bonds - TRB,-61939150.0,-45826463.0,-61939150.0,-45826463.0,,,,,
2025BB-20250827_FY26_FY27.pdf,54,55,General Government,Debt Service - State Treasurer,FY 26 FY 27 FY 26 FY 27 FY 26 FY 27,,Municipal Restructuring,-1784330.0,-131534.0,-1784330.0,-131534.0,,,,,
2025BB-20250827_FY26_FY27.pdf,54,55,General Government,Debt Service - State Treasurer,FY 26 FY 27 FY 26 FY 27 FY 26 FY 27,,Total - General Fund,-64746536.0,57421247.0,-64746536.0,57421247.0,,,,,
2025BB-20250827_FY26_FY27.pdf,54,55,General Government,Debt Service - State Treasurer,FY 26 FY 27 FY 26 FY 27 FY 26 FY 27,,Debt Service,-36464747.0,74495040.0,-36464747.0,74495040.0,,,,,
2025BB-20250827_FY26_FY27.pdf,54,55,General Government,Debt Service - State Treasurer,FY 26 FY 27 FY 26 FY 27 FY 26 FY 27,,Total - Special Transportation Fund,-36464747.0,74495040.0,-36464747.0,74495040.0,,,,,
2025BB-20250827_FY26_FY27.pdf,54,55,General Government,Debt Service - State Treasurer,FY 26 FY 27 FY 26 FY 27 FY 26 FY 27,,FY 25 Appropriation - GF,2594372994.0,2594372994.0,2594372994.0,2594372994.0,,,,,
2025BB-20250827_FY26_FY27.pdf,54,55,General Government,Debt Service - State Treasurer,FY 26 FY 27 FY 26 FY 27 FY 26 FY 27,,Policy Revisions,-20000000.0,-60000000.0,-20000000.0,-60000000.0,,,,,
2025BB-20250827_FY26_FY27.pdf,54,55,General Government,Debt Service - State Treasurer,FY 26 FY 27 FY 26 FY 27 FY 26 FY 27,,Current Services,-64746536.0,57421247.0,-64746536.0,57421247.0,,,,,
2025BB-20250827_FY26_FY27.pdf,54,55,General Government,Debt Service - State Treasurer,FY 26 FY 27 FY 26 FY 27 FY 26 FY 27,,Total Recommended - GF,2509626458.0,2591794241.0,2509626458.0,2591794241.0,,,,,
2025BB-20250827_FY26_FY27.pdf,54,55,General Government,Debt Service - State Treasurer,FY 26 FY 27 FY 26 FY 27 FY 26 FY 27,,FY 25 Appropriation - TF,951115534.0,951115534.0,951115534.0,951115534.0,,,,,
2025BB-20250827_FY26_FY27.pdf,54,55,General Government,Debt Service - State Treasurer,FY 26 FY 27 FY 26 FY 27 FY 26 FY 27,,Current Services,-36464747.0,74495040.0,-36464747.0,74495040.0,,,,,
2025BB-20250827_FY26_FY27.pdf,54,55,General Government,Debt Service - State Treasurer,FY 26 FY 27 FY 26 FY 27 FY 26 FY 27,,Total Recommended - TF,914650787.0,1025610574.0,914650787.0,1025610574.0,,,,,
2025BB-20250827_FY26_FY27.pdf,67,67,General Government,State Comptroller - Fringe Benefits,FY 26 FY 27 FY 26 FY 27 FY 26 FY 27,,Employers Social Security Tax,56800.0,89300.0,56800.0,89300.0,,,,,
2025BB-20250827_FY26_FY27.pdf,67,67,General Government,State Comptroller - Fringe Benefits,FY 26 FY 27 FY 26 FY 27 FY 26 FY 27,,State Employees Health Service Cost,205100.0,346600.0,205100.0,346600.0,,,,,
2025BB-20250827_FY26_FY27.pdf,67,67,General Government,State Comptroller - Fringe Benefits,FY 26 FY 27 FY 26 FY 27 FY 26 FY 27,,Other Post Employment Benefits,22300.0,35000.0,22300.0,35000.0,,,,,
2025BB-20250827_FY26_FY27.pdf,67,67,General Government,State Comptroller - Fringe Benefits,FY 26 FY 27 FY 26 FY 27 FY 26 FY 27,,SERS Defined Contribution Match,7400.0,11600.0,7400.0,11600.0,,,,,
2025BB-20250827_FY26_FY27.pdf,67,67,General Government,State Comptroller - Fringe Benefits,FY 26 FY 27 FY 26 FY 27 FY 26 FY 27,,Total - General Fund,291600.0,482500.0,291600.0,482500.0,,,,,
2025BB-20250827_FY26_FY27.pdf,67,67,General Government,State Comptroller - Fringe Benefits,FY 26 FY 27 FY 26 FY 27 FY 26 FY 27,,State Employees Health Service Cost,,,122000000.0,,122000000.0,,,,
2025BB-20250827_FY26_FY27.pdf,67,67,General Government,State Comptroller - Fringe Benefits,FY 26 FY 27 FY 26 FY 27 FY 26 FY 27,,Total - Carry Forward Funding,,,122000000.0,,122000000.0,,,,
2025BB-20250827_FY26_FY27.pdf,67,67,General Government,State Comptroller - Fringe Benefits,FY 26 FY 27 FY 26 FY 27 FY 26 FY 27,,FY 25 Appropriation - GF,3392576245.0,3392576245.0,3392576245.0,3392576245.0,,,,,
2025BB-20250827_FY26_FY27.pdf,67,67,General Government,State Comptroller - Fringe Benefits,FY 26 FY 27 FY 26 FY 27 FY 26 FY 27,,Policy Revisions,-4590000.0,-74000900.0,-119390695.0,-63091348.0,-114800695.0,10909552.0,,,
2025BB-20250827_FY26_FY27.pdf,67,67,General Government,State Comptroller - Fringe Benefits,FY 26 FY 27 FY 26 FY 27 FY 26 FY 27,,Current Services,127302193.0,331592207.0,120593405.0,331592207.0,-6708788.0,,,,
2025BB-20250827_FY26_FY27.pdf,67,67,General Government,State Comptroller - Fringe Benefits,FY 26 FY 27 FY 26 FY 27 FY 26 FY 27,,Total Recommended - GF,3515288438.0,3650167552.0,3393778955.0,3661077104.0,-121509483.0,10909552.0,,,
2025BB-20250827_FY26_FY27.pdf,67,67,General Government,State Comptroller - Fringe Benefits,FY 26 FY 27 FY 26 FY 27 FY 26 FY 27,,FY 25 Appropriation - TF,263093929.0,263093929.0,263093929.0,263093929.0,,,,,
2025BB-20250827_FY26_FY27.pdf,67,67,General Government,State Comptroller - Fringe Benefits,FY 26 FY 27 FY 26 FY 27 FY 26 FY 27,,Policy Revisions,149500.0,-2521100.0,293500.0,-2233100.0,144000.0,288000.0,,,
2025BB-20250827_FY26_FY27.pdf,67,67,General Government,State Comptroller - Fringe Benefits,FY 26 FY 27 FY 26 FY 27 FY 26 FY 27,,Current Services,4103414.0,2248690.0,-1690186.0,-6791210.0,-5793600.0,-9039900.0,,,
2025BB-20250827_FY26_FY27.pdf,67,67,General Government,State Comptroller - Fringe Benefits,FY 26 FY 27 FY 26 FY 27 FY 26 FY 27,,Total Recommended - TF,267346843.0,262821519.0,261697243.0,254069619.0,-5649600.0,-8751900.0,,,
2025BB-20250827_FY26_FY27.pdf,74,74,General Government,Office of Policy and Management,FY 26 FY 27 FY 26 FY 27 FY 26 FY 27,,Municipal Restructuring,-7000000.0,-7000000.0,-7000000.0,-7000000.0,,,,,
2025BB-20250827_FY26_FY27.pdf,74,74,General Government,Office of Policy and Management,FY 26 FY 27 FY 26 FY 27 FY 26 FY 27,,Total - General Fund,-7000000.0,-7000000.0,-7000000.0,-7000000.0,,,,,
2025BB-20250827_FY26_FY27.pdf,74,74,General Government,Office of Policy and Management,FY 26 FY 27 FY 26 FY 27 FY 26 FY 27,,Other Expenses,,,3250000.0,,3250000.0,,,,
2025BB-20250827_FY26_FY27.pdf,74,74,General Government,Office of Policy and Management,FY 26 FY 27 FY 26 FY 27 FY 26 FY 27,,Total - General Fund,,,3250000.0,,3250000.0,,,,
2025BB-20250827_FY26_FY27.pdf,74,74,General Government,Office of Policy and Management,FY 26 FY 27 FY 26 FY 27 FY 26 FY 27,,Personal Services,,,212000.0,212000.0,212000.0,212000.0,,,
2025BB-20250827_FY26_FY27.pdf,74,74,General Government,Office of Policy and Management,FY 26 FY 27 FY 26 FY 27 FY 26 FY 27,,Other Expenses,,,3000.0,3000.0,3000.0,3000.0,,,
2025BB-20250827_FY26_FY27.pdf,74,74,General Government,Office of Policy and Management,FY 26 FY 27 FY 26 FY 27 FY 26 FY 27,,Total - General Fund,,,215000.0,215000.0,215000.0,215000.0,,,
2025BB-20250827_FY26_FY27.pdf,74,74,General Government,Office of Policy and Management,FY 26 FY 27 FY 26 FY 27 FY 26 FY 27,,Positions - General Fund,,,2.0,2.0,2.0,2.0,,,
2025BB-20250827_FY26_FY27.pdf,74,74,General Government,Office of Policy and Management,FY 26 FY 27 FY 26 FY 27 FY 26 FY 27,,Personal Services,,,145900.0,145900.0,145900.0,145900.0,,,
2025BB-20250827_FY26_FY27.pdf,74,74,General Government,Office of Policy and Management,FY 26 FY 27 FY 26 FY 27 FY 26 FY 27,,Total - General Fund,,,145900.0,145900.0,145900.0,145900.0,,,
2025BB-20250827_FY26_FY27.pdf,74,74,General Government,Office of Policy and Management,FY 26 FY 27 FY 26 FY 27 FY 26 FY 27,,Positions - General Fund,,,1.0,1.0,1.0,1.0,,,
2025BB-20250827_FY26_FY27.pdf,76,77,General Government,Office of Policy and Management,FY 26 FY 27 FY 26 FY 27 FY 26 FY 27,,Personal Services,881406.0,881406.0,881406.0,881406.0,,,,,
2025BB-20250827_FY26_FY27.pdf,76,77,General Government,Office of Policy and Management,FY 26 FY 27 FY 26 FY 27 FY 26 FY 27,,Justice Assistance Grants,5000.0,5000.0,5000.0,5000.0,,,,,
2025BB-20250827_FY26_FY27.pdf,76,77,General Government,Office of Policy and Management,FY 26 FY 27 FY 26 FY 27 FY 26 FY 27,,Total - General Fund,886406.0,886406.0,886406.0,886406.0,,,,,
2025BB-20250827_FY26_FY27.pdf,76,77,General Government,Office of Policy and Management,FY 26 FY 27 FY 26 FY 27 FY 26 FY 27,,Personal Services,29553.0,29553.0,29553.0,29553.0,,,,,
2025BB-20250827_FY26_FY27.pdf,76,77,General Government,Office of Policy and Management,FY 26 FY 27 FY 26 FY 27 FY 26 FY 27,,Total - Special Transportation Fund,29553.0,29553.0,29553.0,29553.0,,,,,
2025BB-20250827_FY26_FY27.pdf,76,77,General Government,Office of Policy and Management,FY 26 FY 27 FY 26 FY 27 FY 26 FY 27,,Personal Services,11031.0,11031.0,11031.0,11031.0,,,,,
2025BB-20250827_FY26_FY27.pdf,76,77,General Government,Office of Policy and Management,FY 26 FY 27 FY 26 FY 27 FY 26 FY 27,,Total - Insurance Fund,11031.0,11031.0,11031.0,11031.0,,,,,
2025BB-20250827_FY26_FY27.pdf,76,77,General Government,Office of Policy and Management,FY 26 FY 27 FY 26 FY 27 FY 26 FY 27,,Personal Services,5805.0,5805.0,5805.0,5805.0,,,,,
2025BB-20250827_FY26_FY27.pdf,76,77,General Government,Office of Policy and Management,FY 26 FY 27 FY 26 FY 27 FY 26 FY 27,,Public Utility Control Fund,5805.0,5805.0,5805.0,5805.0,,,,,
2025BB-20250827_FY26_FY27.pdf,76,77,General Government,Office of Policy and Management,FY 26 FY 27 FY 26 FY 27 FY 26 FY 27,,Private Providers,-53300000.0,-53300000.0,-53300000.0,-53300000.0,,,,,
2025BB-20250827_FY26_FY27.pdf,76,77,General Government,Office of Policy and Management,FY 26 FY 27 FY 26 FY 27 FY 26 FY 27,,Total - General Fund,-53300000.0,-53300000.0,-53300000.0,-53300000.0,,,,,
2025BB-20250827_FY26_FY27.pdf,76,77,General Government,Office of Policy and Management,FY 26 FY 27 FY 26 FY 27 FY 26 FY 27,,Motor Vehicle Tax Grants,-27065520.0,-27065520.0,-27065520.0,-27065520.0,,,,,
2025BB-20250827_FY26_FY27.pdf,76,77,General Government,Office of Policy and Management,FY 26 FY 27 FY 26 FY 27 FY 26 FY 27,,Tiered PILOT,12730147.0,12730147.0,12730147.0,12730147.0,,,,,
2025BB-20250827_FY26_FY27.pdf,76,77,General Government,Office of Policy and Management,FY 26 FY 27 FY 26 FY 27 FY 26 FY 27,,Fund,-14335373.0,-14335373.0,-14335373.0,-14335373.0,,,,,
2025BB-20250827_FY26_FY27.pdf,76,77,General Government,Office of Policy and Management,FY 26 FY 27 FY 26 FY 27 FY 26 FY 27,,Program,-2000.0,-2000.0,-2000.0,-2000.0,,,,,
2025BB-20250827_FY26_FY27.pdf,76,77,General Government,Office of Policy and Management,FY 26 FY 27 FY 26 FY 27 FY 26 FY 27,,Total - General Fund,-2000.0,-2000.0,-2000.0,-2000.0,,,,,
2025BB-20250827_FY26_FY27.pdf,76,77,General Government,Office of Policy and Management,FY 26 FY 27 FY 26 FY 27 FY 26 FY 27,,Personal Services,-250000.0,-250000.0,-250000.0,-250000.0,,,,,
2025BB-20250827_FY26_FY27.pdf,76,77,General Government,Office of Policy and Management,FY 26 FY 27 FY 26 FY 27 FY 26 FY 27,,Total - General Fund,-250000.0,-250000.0,-250000.0,-250000.0,,,,,
2025BB-20250827_FY26_FY27.pdf,76,77,General Government,Office of Policy and Management,FY 26 FY 27 FY 26 FY 27 FY 26 FY 27,,Personal Services,-60000.0,-60000.0,-60000.0,-60000.0,,,,,
2025BB-20250827_FY26_FY27.pdf,76,77,General Government,Office of Policy and Management,FY 26 FY 27 FY 26 FY 27 FY 26 FY 27,,Justice Assistance Grants,60000.0,60000.0,60000.0,60000.0,,,,,
2025BB-20250827_FY26_FY27.pdf,76,77,General Government,Office of Policy and Management,FY 26 FY 27 FY 26 FY 27 FY 26 FY 27,,Total - General Fund,,,,,,,,,
2025BB-20250827_FY26_FY27.pdf,114,114,Regulation And Protection,Regulation and Protection Commission on Human Rights and Opportunities,FY 23 FY 24 FY 25 FY 26 FY 27 FY 26 FY 27,,General Fund 84,91.0,91.0,91.0,91.0,95.0,99.0,,,
2025BB-20250827_FY26_FY27.pdf,114,114,Regulation And Protection,Regulation and Protection Commission on Human Rights and Opportunities,FY 23 FY 24 FY 25 FY 26 FY 27 FY 26 FY 27,,"Personal Services 7,785,805",7831969.0,7919578.0,8257749.0,8257749.0,8543283.0,8768241.0,,,
2025BB-20250827_FY26_FY27.pdf,114,114,Regulation And Protection,Regulation and Protection Commission on Human Rights and Opportunities,FY 23 FY 24 FY 25 FY 26 FY 27 FY 26 FY 27,,"Other Expenses 782,406",1786393.0,248527.0,248527.0,248527.0,668527.0,398527.0,,,
2025BB-20250827_FY26_FY27.pdf,114,114,Regulation And Protection,Regulation and Protection Commission on Human Rights and Opportunities,FY 23 FY 24 FY 25 FY 26 FY 27 FY 26 FY 27,,"Commission 5,624",5040.0,5977.0,5977.0,5977.0,5977.0,5977.0,,,
2025BB-20250827_FY26_FY27.pdf,114,114,Regulation And Protection,Regulation and Protection Commission on Human Rights and Opportunities,FY 23 FY 24 FY 25 FY 26 FY 27 FY 26 FY 27,,"Agency Total - General Fund 8,573,835",9623402.0,8174082.0,8512253.0,8512253.0,9217787.0,9172745.0,,,
2025BB-20250827_FY26_FY27.pdf,114,114,Regulation And Protection,Regulation and Protection Commission on Human Rights and Opportunities,FY 26 FY 27 FY 26 FY 27 FY 26 FY 27,,Personal Services,,,285534.0,510492.0,285534.0,510492.0,,,
2025BB-20250827_FY26_FY27.pdf,114,114,Regulation And Protection,Regulation and Protection Commission on Human Rights and Opportunities,FY 26 FY 27 FY 26 FY 27 FY 26 FY 27,,Total - General Fund,,,285534.0,510492.0,285534.0,510492.0,,,
2025BB-20250827_FY26_FY27.pdf,114,114,Regulation And Protection,Regulation and Protection Commission on Human Rights and Opportunities,FY 26 FY 27 FY 26 FY 27 FY 26 FY 27,,Positions - General Fund,,,4.0,8.0,4.0,8.0,,,
2025BB-20250827_FY26_FY27.pdf,114,114,Regulation And Protection,Regulation and Protection Commission on Human Rights and Opportunities,FY 26 FY 27 FY 26 FY 27 FY 26 FY 27,,Other Expenses,,,250000.0,,250000.0,,,,
2025BB-20250827_FY26_FY27.pdf,114,114,Regulation And Protection,Regulation and Protection Commission on Human Rights and Opportunities,FY 26 FY 27 FY 26 FY 27 FY 26 FY 27,,Total - General Fund,,,250000.0,,250000.0,,,,
2025BB-20250827_FY26_FY27.pdf,120,120,Conservation And Development,Conservation and Development Office of Consumer Counsel,FY 23 FY 24 FY 25 FY 26 FY 27 FY 26 FY 27,,Utility Control Fund 19,21.0,21.0,21.0,21.0,23.0,23.0,,,
2025BB-20250827_FY26_FY27.pdf,120,120,Conservation And Development,Conservation and Development Office of Consumer Counsel,FY 23 FY 24 FY 25 FY 26 FY 27 FY 26 FY 27,,"Personal Services 1,602,883",1771409.0,2193528.0,2279065.0,2279065.0,2288944.0,2288944.0,,,
2025BB-20250827_FY26_FY27.pdf,120,120,Conservation And Development,Conservation and Development Office of Consumer Counsel,FY 23 FY 24 FY 25 FY 26 FY 27 FY 26 FY 27,,"Other Expenses 238,125",384443.0,332907.0,461482.0,461482.0,461482.0,461482.0,,,
2025BB-20250827_FY26_FY27.pdf,120,120,Conservation And Development,Conservation and Development Office of Consumer Counsel,FY 23 FY 24 FY 25 FY 26 FY 27 FY 26 FY 27,,"Equipment 2,200",2200.0,2200.0,2200.0,2200.0,2200.0,2200.0,,,
2025BB-20250827_FY26_FY27.pdf,120,120,Conservation And Development,Conservation and Development Office of Consumer Counsel,FY 23 FY 24 FY 25 FY 26 FY 27 FY 26 FY 27,,"Fringe Benefits 1,501,846",1549302.0,1991474.0,1686508.0,1686508.0,1724601.0,1724601.0,,,
2025BB-20250827_FY26_FY27.pdf,120,120,Conservation And Development,Conservation and Development Office of Consumer Counsel,FY 23 FY 24 FY 25 FY 26 FY 27 FY 26 FY 27,,"Indirect Overhead 56,441",90972.0,90972.0,157648.0,157648.0,157648.0,157648.0,,,
2025BB-20250827_FY26_FY27.pdf,120,120,Conservation And Development,Conservation and Development Office of Consumer Counsel,FY 23 FY 24 FY 25 FY 26 FY 27 FY 26 FY 27,,"Control Fund 3,401,495",3798326.0,4611081.0,4586903.0,4586903.0,4634875.0,4634875.0,,,
2025BB-20250827_FY26_FY27.pdf,120,120,Conservation And Development,Conservation and Development Office of Consumer Counsel,FY 26 FY 27 FY 26 FY 27 FY 26 FY 27,,Personal Services,,,189879.0,189879.0,189879.0,189879.0,,,
2025BB-20250827_FY26_FY27.pdf,120,120,Conservation And Development,Conservation and Development Office of Consumer Counsel,FY 26 FY 27 FY 26 FY 27 FY 26 FY 27,,Fringe Benefits,,,158093.0,158093.0,158093.0,158093.0,,,
2025BB-20250827_FY26_FY27.pdf,120,120,Conservation And Development,Conservation and Development Office of Consumer Counsel,FY 26 FY 27 FY 26 FY 27 FY 26 FY 27,,Public Utility Control Fund,,,347972.0,347972.0,347972.0,347972.0,,,
2025BB-20250827_FY26_FY27.pdf,120,120,Conservation And Development,Conservation and Development Office of Consumer Counsel,FY 26 FY 27 FY 26 FY 27 FY 26 FY 27,,Public Utility Control Fund,,,2.0,2.0,2.0,2.0,,,
2025BB-20250827_FY26_FY27.pdf,120,120,Conservation And Development,Conservation and Development Office of Consumer Counsel,FY 26 FY 27 FY 26 FY 27 FY 26 FY 27,,Personal Services,,,-180000.0,-180000.0,-180000.0,-180000.0,,,
2025BB-20250827_FY26_FY27.pdf,120,120,Conservation And Development,Conservation and Development Office of Consumer Counsel,FY 26 FY 27 FY 26 FY 27 FY 26 FY 27,,Fringe Benefits,,,-120000.0,-120000.0,-120000.0,-120000.0,,,
2025BB-20250827_FY26_FY27.pdf,120,120,Conservation And Development,Conservation and Development Office of Consumer Counsel,FY 26 FY 27 FY 26 FY 27 FY 26 FY 27,,Public Utility Control Fund,,,-300000.0,-300000.0,-300000.0,-300000.0,,,
2025BB-20250827_FY26_FY27.pdf,135,135,Conservation And Development,Department of Energy and Environmental Protection Conservation and Development,FY 23 FY 24 FY 25 FY 26 FY 27 FY 26 FY 27,,"Control Fund 25,611,562",27145772.0,32547341.0,31455685.0,31455685.0,32017497.0,32017497.0,,,
2025BB-20250827_FY26_FY27.pdf,135,135,Conservation And Development,Department of Energy and Environmental Protection Conservation and Development,FY 23 FY 24 FY 25 FY 26 FY 27 FY 26 FY 27,,"Total - Appropriated Funds 88,648,206",89634607.0,93231529.0,94151808.0,94151808.0,94186564.0,95501984.0,,,
2025BB-20250827_FY26_FY27.pdf,135,135,Conservation And Development,Department of Energy and Environmental Protection Conservation and Development,FY 26 FY 27 FY 26 FY 27 FY 26 FY 27,,Underground Storage Tank,,,-1085420.0,,-1085420.0,,,,
2025BB-20250827_FY26_FY27.pdf,135,135,Conservation And Development,Department of Energy and Environmental Protection Conservation and Development,FY 26 FY 27 FY 26 FY 27 FY 26 FY 27,,Total - General Fund,,,-1085420.0,,-1085420.0,,,,
2025BB-20250827_FY26_FY27.pdf,135,135,Conservation And Development,Department of Energy and Environmental Protection Conservation and Development,FY 26 FY 27 FY 26 FY 27 FY 26 FY 27,,Other Expenses,,,,330000.0,,330000.0,,,
2025BB-20250827_FY26_FY27.pdf,135,135,Conservation And Development,Department of Energy and Environmental Protection Conservation and Development,FY 26 FY 27 FY 26 FY 27 FY 26 FY 27,,Total - General Fund,,,,330000.0,,330000.0,,,
2025BB-20250827_FY26_FY27.pdf,135,135,Conservation And Development,Department of Energy and Environmental Protection Conservation and Development,FY 26 FY 27 FY 26 FY 27 FY 26 FY 27,,Personal Services,,,108364.0,108364.0,108364.0,108364.0,,,
2025BB-20250827_FY26_FY27.pdf,135,135,Conservation And Development,Department of Energy and Environmental Protection Conservation and Development,FY 26 FY 27 FY 26 FY 27 FY 26 FY 27,,Total - General Fund,,,108364.0,108364.0,108364.0,108364.0,,,
2025BB-20250827_FY26_FY27.pdf,135,135,Conservation And Development,Department of Energy and Environmental Protection Conservation and Development,FY 26 FY 27 FY 26 FY 27 FY 26 FY 27,,Positions - General Fund,,,2.0,2.0,2.0,2.0,,,
2025BB-20250827_FY26_FY27.pdf,135,135,Conservation And Development,Department of Energy and Environmental Protection Conservation and Development,FY 26 FY 27 FY 26 FY 27 FY 26 FY 27,,Personal Services,,,188700.0,188700.0,188700.0,188700.0,,,
2025BB-20250827_FY26_FY27.pdf,135,135,Conservation And Development,Department of Energy and Environmental Protection Conservation and Development,FY 26 FY 27 FY 26 FY 27 FY 26 FY 27,,Fringe Benefits,,,157112.0,157112.0,157112.0,157112.0,,,
2025BB-20250827_FY26_FY27.pdf,135,135,Conservation And Development,Department of Energy and Environmental Protection Conservation and Development,FY 26 FY 27 FY 26 FY 27 FY 26 FY 27,,Public Utility Control Fund,,,345812.0,345812.0,345812.0,345812.0,,,
2025BB-20250827_FY26_FY27.pdf,135,135,Conservation And Development,Department of Energy and Environmental Protection Conservation and Development,FY 26 FY 27 FY 26 FY 27 FY 26 FY 27,,Public Utility Control Fund,,,2.0,2.0,2.0,2.0,,,
2025BB-20250827_FY26_FY27.pdf,135,135,Conservation And Development,Department of Energy and Environmental Protection Conservation and Development,FY 26 FY 27 FY 26 FY 27 FY 26 FY 27,,Other Expenses,,,250000.0,250000.0,250000.0,250000.0,,,
2025BB-20250827_FY26_FY27.pdf,135,135,Conservation And Development,Department of Energy and Environmental Protection Conservation and Development,FY 26 FY 27 FY 26 FY 27 FY 26 FY 27,,Total - General Fund,,,250000.0,250000.0,250000.0,250000.0,,,
2025BB-20250827_FY26_FY27.pdf,167,167,Human Services,Department of Public Health,FY 26 FY 27 FY 26 FY 27 FY 26 FY 27,,Community Health Services,47259.0,47259.0,47259.0,47259.0,,,,,
2025BB-20250827_FY26_FY27.pdf,167,167,Human Services,Department of Public Health,FY 26 FY 27 FY 26 FY 27 FY 26 FY 27,,Rape Crisis,15340.0,15340.0,15340.0,15340.0,,,,,
2025BB-20250827_FY26_FY27.pdf,167,167,Human Services,Department of Public Health,FY 26 FY 27 FY 26 FY 27 FY 26 FY 27,,School Based Health Clinics,246664.0,246664.0,246664.0,246664.0,,,,,
2025BB-20250827_FY26_FY27.pdf,167,167,Human Services,Department of Public Health,FY 26 FY 27 FY 26 FY 27 FY 26 FY 27,,Total - General Fund,309263.0,309263.0,309263.0,309263.0,,,,,
2025BB-20250827_FY26_FY27.pdf,167,167,Human Services,Department of Public Health,FY 26 FY 27 FY 26 FY 27 FY 26 FY 27,,Program,11886.0,11886.0,11886.0,11886.0,,,,,
2025BB-20250827_FY26_FY27.pdf,167,167,Human Services,Department of Public Health,FY 26 FY 27 FY 26 FY 27 FY 26 FY 27,,Children's Health Initiatives,64007.0,64007.0,64007.0,64007.0,,,,,
2025BB-20250827_FY26_FY27.pdf,167,167,Human Services,Department of Public Health,FY 26 FY 27 FY 26 FY 27 FY 26 FY 27,,AIDS Services,81761.0,81761.0,81761.0,81761.0,,,,,
2025BB-20250827_FY26_FY27.pdf,167,167,Human Services,Department of Public Health,FY 26 FY 27 FY 26 FY 27 FY 26 FY 27,,and Treatment,49686.0,49686.0,49686.0,49686.0,,,,,
2025BB-20250827_FY26_FY27.pdf,167,167,Human Services,Department of Public Health,FY 26 FY 27 FY 26 FY 27 FY 26 FY 27,,Care,918.0,918.0,918.0,918.0,,,,,
2025BB-20250827_FY26_FY27.pdf,167,167,Human Services,Department of Public Health,FY 26 FY 27 FY 26 FY 27 FY 26 FY 27,,Venereal Disease Control,1465.0,1465.0,1465.0,1465.0,,,,,
2025BB-20250827_FY26_FY27.pdf,167,167,Human Services,Department of Public Health,FY 26 FY 27 FY 26 FY 27 FY 26 FY 27,,Total - Insurance Fund,209723.0,209723.0,209723.0,209723.0,,,,,
2025BB-20250827_FY26_FY27.pdf,167,167,Human Services,Department of Public Health,FY 26 FY 27 FY 26 FY 27 FY 26 FY 27,,Health,41012.0,41012.0,41012.0,41012.0,,,,,
2025BB-20250827_FY26_FY27.pdf,167,167,Human Services,Department of Public Health,FY 26 FY 27 FY 26 FY 27 FY 26 FY 27,,Total - General Fund,41012.0,41012.0,41012.0,41012.0,,,,,
2025BB-20250827_FY26_FY27.pdf,200,200,Human Services,Human Services Department of Social Services,FY 23 FY 24 FY 25 FY 26 FY 27 FY 26 FY 27,,"Agency Total - General Fund 4,941,696,324",4646126083.0,4599147121.0,4957764552.0,5432429652.0,5043203361.0,5524212461.0,,,
2025BB-20250827_FY26_FY27.pdf,200,200,Human Services,Human Services Department of Social Services,FY 26 FY 27 FY 26 FY 27 FY 26 FY 27,,Hospital Supplemental Payments,,140000000.0,,140000000.0,,,,,
2025BB-20250827_FY26_FY27.pdf,200,200,Human Services,Human Services Department of Social Services,FY 26 FY 27 FY 26 FY 27 FY 26 FY 27,,Total - General Fund,,140000000.0,,140000000.0,,,,,
2025BB-20250827_FY26_FY27.pdf,200,200,Human Services,Human Services Department of Social Services,FY 26 FY 27 FY 26 FY 27 FY 26 FY 27,,Hospital Supplemental Payments,,110000000.0,,70000000.0,,-40000000.0,,,
2025BB-20250827_FY26_FY27.pdf,200,200,Human Services,Human Services Department of Social Services,FY 26 FY 27 FY 26 FY 27 FY 26 FY 27,,Total - General Fund,,110000000.0,,70000000.0,,-40000000.0,,,
2025BB-20250827_FY26_FY27.pdf,200,200,Human Services,Human Services Department of Social Services,FY 26 FY 27 FY 26 FY 27 FY 26 FY 27,,Medicaid,,,4650000.0,2900000.0,4650000.0,2900000.0,,,
2025BB-20250827_FY26_FY27.pdf,200,200,Human Services,Human Services Department of Social Services,FY 26 FY 27 FY 26 FY 27 FY 26 FY 27,,Total - General Fund,,,4650000.0,2900000.0,4650000.0,2900000.0,,,
2025BB-20250827_FY26_FY27.pdf,200,200,Human Services,Human Services Department of Social Services,FY 26 FY 27 FY 26 FY 27 FY 26 FY 27,,Center,,,2000000.0,2000000.0,2000000.0,2000000.0,,,
2025BB-20250827_FY26_FY27.pdf,200,200,Human Services,Human Services Department of Social Services,FY 26 FY 27 FY 26 FY 27 FY 26 FY 27,,Total - General Fund,,,2000000.0,2000000.0,2000000.0,2000000.0,,,
2025BB-20250827_FY26_FY27.pdf,209,209,Human Services,Department of Social Services Human Services,FY 26 FY 27 FY 26 FY 27 FY 26 FY 27,,Medicaid,290000000.0,290000000.0,290000000.0,290000000.0,,,,,
2025BB-20250827_FY26_FY27.pdf,209,209,Human Services,Department of Social Services Human Services,FY 26 FY 27 FY 26 FY 27 FY 26 FY 27,,Old Age Assistance,850000.0,850000.0,850000.0,850000.0,,,,,
2025BB-20250827_FY26_FY27.pdf,209,209,Human Services,Department of Social Services Human Services,FY 26 FY 27 FY 26 FY 27 FY 26 FY 27,,Aid To The Disabled,2200000.0,2200000.0,2200000.0,2200000.0,,,,,
2025BB-20250827_FY26_FY27.pdf,209,209,Human Services,Department of Social Services Human Services,FY 26 FY 27 FY 26 FY 27 FY 26 FY 27,,Assistance,5000000.0,5000000.0,5000000.0,5000000.0,,,,,
2025BB-20250827_FY26_FY27.pdf,209,209,Human Services,Department of Social Services Human Services,FY 26 FY 27 FY 26 FY 27 FY 26 FY 27,,Total - General Fund,298050000.0,298050000.0,298050000.0,298050000.0,,,,,
2025BB-20250827_FY26_FY27.pdf,209,209,Human Services,Department of Social Services Human Services,FY 26 FY 27 FY 26 FY 27 FY 26 FY 27,,Medicaid,89274569.0,247464569.0,89274569.0,247464569.0,,,,,
2025BB-20250827_FY26_FY27.pdf,209,209,Human Services,Department of Social Services Human Services,FY 26 FY 27 FY 26 FY 27 FY 26 FY 27,,Total - General Fund,89274569.0,247464569.0,89274569.0,247464569.0,,,,,
2025BB-20250827_FY26_FY27.pdf,209,209,Human Services,Department of Social Services Human Services,FY 26 FY 27 FY 26 FY 27 FY 26 FY 27,,Medicaid,24920000.0,39650000.0,24920000.0,39650000.0,,,,,
2025BB-20250827_FY26_FY27.pdf,209,209,Human Services,Department of Social Services Human Services,FY 26 FY 27 FY 26 FY 27 FY 26 FY 27,,Total - General Fund,24920000.0,39650000.0,24920000.0,39650000.0,,,,,
2025BB-20250827_FY26_FY27.pdf,209,209,Human Services,Department of Social Services Human Services,FY 26 FY 27 FY 26 FY 27 FY 26 FY 27,,Medicaid,14000000.0,37500000.0,14000000.0,37500000.0,,,,,
2025BB-20250827_FY26_FY27.pdf,209,209,Human Services,Department of Social Services Human Services,FY 26 FY 27 FY 26 FY 27 FY 26 FY 27,,Old Age Assistance,920000.0,2590000.0,920000.0,2590000.0,,,,,
2025BB-20250827_FY26_FY27.pdf,209,209,Human Services,Department of Social Services Human Services,FY 26 FY 27 FY 26 FY 27 FY 26 FY 27,,Aid To The Blind,11500.0,30500.0,11500.0,30500.0,,,,,
2025BB-20250827_FY26_FY27.pdf,209,209,Human Services,Department of Social Services Human Services,FY 26 FY 27 FY 26 FY 27 FY 26 FY 27,,Aid To The Disabled,840000.0,2200000.0,840000.0,2200000.0,,,,,
2025BB-20250827_FY26_FY27.pdf,209,209,Human Services,Department of Social Services Human Services,FY 26 FY 27 FY 26 FY 27 FY 26 FY 27,,Total - General Fund,15771500.0,42320500.0,15771500.0,42320500.0,,,,,
2025BB-20250827_FY26_FY27.pdf,237,237,Transportation,Department of Education Element. & Secondary Education,FY 26 FY 27 FY 26 FY 27 FY 26 FY 27,,Other Expenses,,,950000.0,950000.0,950000.0,950000.0,,,
2025BB-20250827_FY26_FY27.pdf,237,237,Transportation,Department of Education Element. & Secondary Education,FY 26 FY 27 FY 26 FY 27 FY 26 FY 27,,Sheff Transportation,2196368.0,4861039.0,2196368.0,4861039.0,,,,,
2025BB-20250827_FY26_FY27.pdf,237,237,Transportation,Department of Education Element. & Secondary Education,FY 26 FY 27 FY 26 FY 27 FY 26 FY 27,,Education Finance Reform,-76331181.0,-76331181.0,-76331181.0,-76331181.0,,,,,
2025BB-20250827_FY26_FY27.pdf,237,237,Transportation,Department of Education Element. & Secondary Education,FY 26 FY 27 FY 26 FY 27 FY 26 FY 27,,Charter Schools,2788763.0,4107763.0,2788763.0,4107763.0,,,,,
2025BB-20250827_FY26_FY27.pdf,237,237,Transportation,Department of Education Element. & Secondary Education,FY 26 FY 27 FY 26 FY 27 FY 26 FY 27,,Vocational Agriculture,7471532.0,7471532.0,7471532.0,7471532.0,,,,,
2025BB-20250827_FY26_FY27.pdf,237,237,Transportation,Department of Education Element. & Secondary Education,FY 26 FY 27 FY 26 FY 27 FY 26 FY 27,,Magnet Schools,45443153.0,54445952.0,45443153.0,54445952.0,,,,,
2025BB-20250827_FY26_FY27.pdf,237,237,Transportation,Department of Education Element. & Secondary Education,FY 26 FY 27 FY 26 FY 27 FY 26 FY 27,,Total - General Fund,-18431365.0,-5444895.0,-17481365.0,-4494895.0,950000.0,950000.0,,,
2025BB-20250827_FY26_FY27.pdf,237,237,Transportation,Department of Education Element. & Secondary Education,FY 26 FY 27 FY 26 FY 27 FY 26 FY 27,,Education Finance Reform,-73668819.0,-73668819.0,-73668819.0,-73668819.0,,,,,
2025BB-20250827_FY26_FY27.pdf,237,237,Transportation,Department of Education Element. & Secondary Education,FY 26 FY 27 FY 26 FY 27 FY 26 FY 27,,Education Equalization Grants,160133886.0,151568180.0,160133886.0,151568180.0,,,,,
2025BB-20250827_FY26_FY27.pdf,237,237,Transportation,Department of Education Element. & Secondary Education,FY 26 FY 27 FY 26 FY 27 FY 26 FY 27,,Total - General Fund,86465067.0,77899361.0,86465067.0,77899361.0,,,,,
2025BB-20250827_FY26_FY27.pdf,260,260,Higher Education,Higher Education University of Connecticut,FY 23 FY 24 FY 25 FY 26 FY 27 FY 26 FY 27,,"General Fund 2,413",2413.0,2413.0,2413.0,2413.0,2413.0,2413.0,,,
2025BB-20250827_FY26_FY27.pdf,260,260,Higher Education,Higher Education University of Connecticut,FY 23 FY 24 FY 25 FY 26 FY 27 FY 26 FY 27,,"Operating Expenses 254,204,158",253505868.0,216977564.0,231900002.0,237163874.0,265235002.0,250543874.0,,,
2025BB-20250827_FY26_FY27.pdf,260,260,Higher Education,Higher Education University of Connecticut,FY 23 FY 24 FY 25 FY 26 FY 27 FY 26 FY 27,,Laboratory -,250000.0,250000.0,250000.0,250000.0,250000.0,250000.0,,,
2025BB-20250827_FY26_FY27.pdf,260,260,Higher Education,Higher Education University of Connecticut,FY 23 FY 24 FY 25 FY 26 FY 27 FY 26 FY 27,,"Regional Policy 400,000",700000.0,550000.0,550000.0,550000.0,550000.0,550000.0,,,
2025BB-20250827_FY26_FY27.pdf,260,260,Higher Education,Higher Education University of Connecticut,FY 23 FY 24 FY 25 FY 26 FY 27 FY 26 FY 27,,UConn Veterans Program -,250000.0,250000.0,250000.0,250000.0,250000.0,250000.0,,,
2025BB-20250827_FY26_FY27.pdf,260,260,Higher Education,Higher Education University of Connecticut,FY 23 FY 24 FY 25 FY 26 FY 27 FY 26 FY 27,,Campuses -,1400000.0,1400000.0,1400000.0,1400000.0,1400000.0,1400000.0,,,
2025BB-20250827_FY26_FY27.pdf,260,260,Higher Education,Higher Education University of Connecticut,FY 23 FY 24 FY 25 FY 26 FY 27 FY 26 FY 27,,Puerto Rican Studies Initiative -,210000.0,210000.0,210000.0,210000.0,500000.0,500000.0,,,
2025BB-20250827_FY26_FY27.pdf,260,260,Higher Education,Higher Education University of Connecticut,FY 23 FY 24 FY 25 FY 26 FY 27 FY 26 FY 27,,"Agency Total - General Fund 254,604,158",256315868.0,219637564.0,234560002.0,239823874.0,268185002.0,253493874.0,,,
2025BB-20250827_FY26_FY27.pdf,260,260,Higher Education,Higher Education University of Connecticut,FY 26 FY 27 FY 26 FY 27 FY 26 FY 27,,Operating Expenses,,,30000000.0,10000000.0,30000000.0,10000000.0,,,
2025BB-20250827_FY26_FY27.pdf,260,260,Higher Education,Higher Education University of Connecticut,FY 26 FY 27 FY 26 FY 27 FY 26 FY 27,,Total - General Fund,,,30000000.0,10000000.0,30000000.0,10000000.0,,,
2025BB-20250827_FY26_FY27.pdf,260,260,Higher Education,Higher Education University of Connecticut,FY 26 FY 27 FY 26 FY 27 FY 26 FY 27,,Operating Expenses,,,1000000.0,1000000.0,1000000.0,1000000.0,,,
2025BB-20250827_FY26_FY27.pdf,260,260,Higher Education,Higher Education University of Connecticut,FY 26 FY 27 FY 26 FY 27 FY 26 FY 27,,Total - General Fund,,,1000000.0,1000000.0,1000000.0,1000000.0,,,
2025BB-20250827_FY26_FY27.pdf,283,283,,Judicial Department,FY 26 FY 27 FY 26 FY 27 FY 26 FY 27,,Alternative Incarceration Program,-750000.0,-750000.0,-750000.0,-750000.0,,,,,
2025BB-20250827_FY26_FY27.pdf,283,283,,Judicial Department,FY 26 FY 27 FY 26 FY 27 FY 26 FY 27,,Juvenile Alternative Incarceration,750000.0,750000.0,750000.0,750000.0,,,,,
2025BB-20250827_FY26_FY27.pdf,283,283,,Judicial Department,FY 26 FY 27 FY 26 FY 27 FY 26 FY 27,,Total - General Fund,,,,,,,,,
2025BB-20250827_FY26_FY27.pdf,283,283,,Judicial Department,FY 26 FY 27 FY 26 FY 27 FY 26 FY 27,,FY 25 Appropriation - GF,605217667.0,605217667.0,605217667.0,605217667.0,,,,,
2025BB-20250827_FY26_FY27.pdf,283,283,,Judicial Department,FY 26 FY 27 FY 26 FY 27 FY 26 FY 27,,Policy Revisions,477131.0,2977131.0,1959323.0,3150299.0,1482192.0,173168.0,,,
2025BB-20250827_FY26_FY27.pdf,283,283,,Judicial Department,FY 26 FY 27 FY 26 FY 27 FY 26 FY 27,,Current Services,14218688.0,17494854.0,32710261.0,36848343.0,18491573.0,19353489.0,,,
2025BB-20250827_FY26_FY27.pdf,283,283,,Judicial Department,FY 26 FY 27 FY 26 FY 27 FY 26 FY 27,,Total Recommended - GF,619913486.0,625689652.0,639887251.0,645216309.0,19973765.0,19526657.0,,,
2025BB-20250827_FY26_FY27.pdf,283,283,,Judicial Department,FY 26 FY 27 FY 26 FY 27 FY 26 FY 27,,FY 25 Appropriation - GF,4274.0,4274.0,4274.0,4274.0,,,,,
2025BB-20250827_FY26_FY27.pdf,283,283,,Judicial Department,FY 26 FY 27 FY 26 FY 27 FY 26 FY 27,,Policy Revisions,5.0,5.0,1.0,1.0,-4.0,-4.0,,,
2025BB-20250827_FY26_FY27.pdf,283,283,,Judicial Department,FY 26 FY 27 FY 26 FY 27 FY 26 FY 27,,Current Services,13.0,13.0,,,-13.0,-13.0,,,
2025BB-20250827_FY26_FY27.pdf,283,283,,Judicial Department,FY 26 FY 27 FY 26 FY 27 FY 26 FY 27,,Total Recommended - GF,4292.0,4292.0,4275.0,4275.0,-17.0,-17.0,,,
2025BB-20250827_FY26_FY27.pdf,299,299,,Table 1. Revenue Impact of Policy Changes included in the FRB Revenue Schedule,PART III. REVENUE,General Fund,25-168 Surcharge to Income Year,2028.0,,48.0,80.0,80.0,32.0,,,
2025BB-20250827_FY26_FY27.pdf,299,299,,Table 1. Revenue Impact of Policy Changes included in the FRB Revenue Schedule,PART III. REVENUE,General Fund,168 Beginning in FY,26.0,,1.0,,,,,,
2025BB-20250827_FY26_FY27.pdf,299,299,,Table 1. Revenue Impact of Policy Changes included in the FRB Revenue Schedule,PART III. REVENUE,General Fund,168 Tax Beginning in FY,26.0,,0.5,,,,,,
2025BB-20250827_FY26_FY27.pdf,299,299,,Table 1. Revenue Impact of Policy Changes included in the FRB Revenue Schedule,PART III. REVENUE,General Fund,168 Exemption from $100 to,250.0,,-0.3,-0.3,-0.3,-0.3,,,
2025BB-20250827_FY26_FY27.pdf,307,307,,Policies Details – General Fund,FY 26 FY 27 FY 26 FY 27 FY 26 FY 27,,Sales and Use,,,-400000.0,-400000.0,-400000.0,-400000.0,,,
2025BB-20250827_FY26_FY27.pdf,307,307,,Policies Details – General Fund,FY 26 FY 27 FY 26 FY 27 FY 26 FY 27,,Corporations,48000000.0,80000000.0,48000000.0,80000000.0,,,,,
2025BB-20250827_FY26_FY27.pdf,307,307,,Policies Details – General Fund,FY 26 FY 27 FY 26 FY 27 FY 26 FY 27,,Corporations,133100000.0,83200000.0,133100000.0,83200000.0,,,,,
2025BB-20250827_FY26_FY27.pdf,308,308,,"Governor: Repeal the $2.5 million aggregate maximum tax i.e., cap. Section 2 of the Governor's SB 1246, AAC Revenue Items to",FY 26 FY 27 FY 26 FY 27 FY 26 FY 27,,Corporations,8300000.0,8300000.0,8300000.0,8300000.0,,,,,
2025BB-20250827_FY26_FY27.pdf,308,308,,"Governor: Repeal the $2.5 million aggregate maximum tax i.e., cap. Section 2 of the Governor's SB 1246, AAC Revenue Items to",FY 26 FY 27 FY 26 FY 27 FY 26 FY 27,,Corporations,-15300000.0,-20400000.0,,,15300000.0,20400000.0,,,
2025BB-20250827_FY26_FY27.pdf,309,309,,Adjust the Film Production Tax Credit,FY 26 FY 27 FY 26 FY 27 FY 26 FY 27,,Corporations,9200000.0,17100000.0,,,-9200000.0,-17100000.0,,,
2025BB-20250827_FY26_FY27.pdf,309,309,,Adjust the Film Production Tax Credit,FY 26 FY 27 FY 26 FY 27 FY 26 FY 27,,Public Service Corporations,5000000.0,5000000.0,5000000.0,5000000.0,,,,,
2025BB-20250827_FY26_FY27.pdf,309,309,,Adjust the Film Production Tax Credit,FY 26 FY 27 FY 26 FY 27 FY 26 FY 27,,Transfers From/To Other Funds,-5000000.0,-5000000.0,-5000000.0,-5000000.0,,,,,
2025BB-20250827_FY26_FY27.pdf,309,309,,Adjust the Film Production Tax Credit,FY 26 FY 27 FY 26 FY 27 FY 26 FY 27,,Total,,,,,,,,,
2025BB-20250827_FY26_FY27.pdf,309,309,,Adjust the Film Production Tax Credit,FY 26 FY 27 FY 26 FY 27 FY 26 FY 27,,Cigarettes,1000000.0,,1000000.0,,,,,,
2025BB-20250827_FY26_FY27.pdf,309,309,,Adjust the Film Production Tax Credit,FY 26 FY 27 FY 26 FY 27 FY 26 FY 27,,Real Estate Conveyance,500000.0,,500000.0,,,,,,
2025BB-20250827_FY26_FY27.pdf,309,309,,Adjust the Film Production Tax Credit,FY 26 FY 27 FY 26 FY 27 FY 26 FY 27,,Total,1500000.0,,1500000.0,,,,,,
2025BB-20250827_FY26_FY27.pdf,310,310,General Government,Governor: Adjust the accounting for two minor tax types (tobacco products and controlling interest real estate conveyances) to better,FY 26 FY 27 FY 26 FY 27 FY 26 FY 27,,Admissions and Dues,,,-300000.0,-300000.0,-300000.0,-300000.0,,,
2025BB-20250827_FY26_FY27.pdf,310,310,General Government,Governor: Adjust the accounting for two minor tax types (tobacco products and controlling interest real estate conveyances) to better,FY 26 FY 27 FY 26 FY 27 FY 26 FY 27,,Miscellaneous Taxes,5900000.0,6200000.0,,,-5900000.0,-6200000.0,,,
2025BB-20250827_FY26_FY27.pdf,311,311,,Health Provider,FY 26 FY 27 FY 26 FY 27 FY 26 FY 27,,Health Provider,,140000000.0,,375000000.0,,235000000.0,,,
2025BB-20250827_FY26_FY27.pdf,311,311,,Health Provider,FY 26 FY 27 FY 26 FY 27 FY 26 FY 27,,Federal Grants,,93800000.0,,93800000.0,,,,,
2025BB-20250827_FY26_FY27.pdf,311,311,,Health Provider,FY 26 FY 27 FY 26 FY 27 FY 26 FY 27,,Total,,233800000.0,,468800000.0,,235000000.0,,,
2025BB-20250827_FY26_FY27.pdf,311,311,,Health Provider,FY 26 FY 27 FY 26 FY 27 FY 26 FY 27,,Refunds of Taxes,,,-2500000.0,-2500000.0,-2500000.0,-2500000.0,,,
2025BB-20250827_FY26_FY27.pdf,311,311,,Health Provider,FY 26 FY 27 FY 26 FY 27 FY 26 FY 27,,Refunds of Taxes,,,-5000000.0,-5000000.0,-5000000.0,-5000000.0,,,
2025BB-20250827_FY26_FY27.pdf,312,312,,Legislative Revenue: Authorize the University of Connecticut to establish and administer a tax credit incentive program in support of,FY 26 FY 27 FY 26 FY 27 FY 26 FY 27,,Refunds of Taxes,,,-400000.0,-400000.0,-400000.0,-400000.0,,,
2025BB-20250827_FY26_FY27.pdf,312,312,,Legislative Revenue: Authorize the University of Connecticut to establish and administer a tax credit incentive program in support of,FY 26 FY 27 FY 26 FY 27 FY 26 FY 27,,Refunds of Taxes,,,,-900000.0,,-900000.0,,,
2025BB-20250827_FY26_FY27.pdf,312,312,,Legislative Revenue: Authorize the University of Connecticut to establish and administer a tax credit incentive program in support of,FY 26 FY 27 FY 26 FY 27 FY 26 FY 27,,Refunds of Taxes,-85000000.0,-85000000.0,,,85000000.0,85000000.0,,,
2025BB-20250827_FY26_FY27.pdf,313,313,,Earned Income Tax Credit,FY 26 FY 27 FY 26 FY 27 FY 26 FY 27,,Earned Income Tax Credit,,,-35500000.0,-35500000.0,-35500000.0,-35500000.0,,,
2025BB-20250827_FY26_FY27.pdf,313,313,,Earned Income Tax Credit,FY 26 FY 27 FY 26 FY 27 FY 26 FY 27,,R & D Credit Exchange,-1800000.0,-1800000.0,-1800000.0,-1800000.0,,,,,
2025BB-20250827_FY26_FY27.pdf,313,313,,Earned Income Tax Credit,FY 26 FY 27 FY 26 FY 27 FY 26 FY 27,,"Licenses, Permits and Fees",,,-100000.0,-200000.0,-100000.0,-200000.0,,,
2025BB-20250827_FY26_FY27.pdf,314,314,,Eliminate Certain Occupational License Application Fees,FY 26 FY 27 FY 26 FY 27 FY 26 FY 27,,"Licenses, Permits and Fees",-18800000.0,-25000000.0,-2900000.0,-3800000.0,15900000.0,21200000.0,,,
2025BB-20250827_FY26_FY27.pdf,314,314,,Eliminate Certain Occupational License Application Fees,FY 26 FY 27 FY 26 FY 27 FY 26 FY 27,,Health Provider,,140000000.0,,375000000.0,,235000000.0,,,
2025BB-20250827_FY26_FY27.pdf,314,314,,Eliminate Certain Occupational License Application Fees,FY 26 FY 27 FY 26 FY 27 FY 26 FY 27,,Federal Grants,,93800000.0,,93800000.0,,,,,
2025BB-20250827_FY26_FY27.pdf,314,314,,Eliminate Certain Occupational License Application Fees,FY 26 FY 27 FY 26 FY 27 FY 26 FY 27,,Total,,233800000.0,,468800000.0,,235000000.0,,,
2025BB-20250827_FY26_FY27.pdf,315,315,,Reflect Federal Revenue Impact of Other Expenditure Changes,FY 26 FY 27 FY 26 FY 27 FY 26 FY 27,,Federal Grants,500000.0,,30400000.0,64300000.0,29900000.0,64300000.0,,,
2025BB-20250827_FY26_FY27.pdf,315,315,,Reflect Federal Revenue Impact of Other Expenditure Changes,FY 26 FY 27 FY 26 FY 27 FY 26 FY 27,,Federal Grants,,73700000.0,,46900000.0,,-26800000.0,,,
2025BB-20250827_FY26_FY27.pdf,315,315,,Reflect Federal Revenue Impact of Other Expenditure Changes,FY 26 FY 27 FY 26 FY 27 FY 26 FY 27,,Federal Grants,,,-2600000.0,-2600000.0,-2600000.0,-2600000.0,,,
2025BB-20250827_FY26_FY27.pdf,315,315,,Reflect Federal Revenue Impact of Other Expenditure Changes,FY 26 FY 27 FY 26 FY 27 FY 26 FY 27,,Transfers From/To Other Funds,,,-10300000.0,-10500000.0,-10300000.0,-10500000.0,,,
2025BB-20250827_FY26_FY27.pdf,316,316,,Support the New Bottle Bill Escheats Enforcement and Assistance Account,FY 26 FY 27 FY 26 FY 27 FY 26 FY 27,,Transfers From/To Other Funds,,,-2000000.0,,-2000000.0,,,,
2025BB-20250827_FY26_FY27.pdf,316,316,,Support the New Bottle Bill Escheats Enforcement and Assistance Account,FY 26 FY 27 FY 26 FY 27 FY 26 FY 27,,Transfers From/To Other Funds,46200.0,,46200.0,,,,,,
2025BB-20250827_FY26_FY27.pdf,316,316,,Support the New Bottle Bill Escheats Enforcement and Assistance Account,FY 26 FY 27 FY 26 FY 27 FY 26 FY 27,,Transfers From/To Other Funds,-86000000.0,86000000.0,-244000000.0,244000000.0,-158000000.0,158000000.0,,,
2025BB-20250827_FY26_FY27.pdf,318,318,,Volatility Cap Adjustment,FY 26 FY 27 FY 26 FY 27 FY 26 FY 27,,Volatility Cap Adjustment,288900000.0,304500000.0,600000000.0,632200000.0,311100000.0,327700000.0,,,
